original,fixed
 AN GIANG,An Giang
AN GIANG,An Giang
An Giang,An Giang
An Giang,An Giang
AN GIANG,An Giang
+//0Awv/9AKA-An Giang,An Giang
+//0Awv/9AKA-AN GIANG,An Giang
+//0A7//9AL///QC9-An Giang,An Giang
+//0A7//9AL///QC9-AN GIANG,An Giang
 B+//0Aw//9AIA- R+//0A4f/9ALv//QCK-A +AC0- V+//0Axf/9AKg-NG T+//0Aw//9AIA-U,Ba Ria +AC0- Vung Tau
 B+//0A7//9AL///QC9- R+ADw-U+1ED//QA+-A +AC0- VUNG T+//0A7//9AL///QC9-U,Ba Ria +AC0- Vung Tau
Ba Ria Vung Tau,Ba Ria +AC0- Vung Tau
BRVT,Ba Ria +AC0- Vung Tau
B+//0Aw//9AKA- R+//0A4f/9ALv//QCL-a +AC0- V+//0Axf/9AKk-ng T+//0Aw//9AKA-u,Ba Ria +AC0- Vung Tau
B+//0Aw//9AKA- R+//0A4f/9ALv//QCL-a +//0A4v/9AID//QCT- V+//0Axf/9AKk-ng T+//0Aw//9AKA-u,Ba Ria +AC0- Vung Tau
B+//0Aw//9AIA- R+//0A4f/9ALv//QCK-A +AC0- V+//0Axf/9AKg-NG T+//0Aw//9AIA-U,Ba Ria +AC0- Vung Tau
B+//0A7//9AL///QC9- R+ADw-U+1ED//QA+-A +AC0- VUNG T+//0A7//9AL///QC9-U,Ba Ria +AC0- Vung Tau
B+//0A7//9AL///QC9- R+ADw-U+1ED//QA+-a +AC0- Vung T+//0A7//9AL///QC9-u,Ba Ria +AC0- Vung Tau
+//0Awv/9AKA-B+//0Aw//9AKA- R+//0A4f/9ALv//QCL-a +AC0- V+//0Axf/9AKk-ng T+//0Aw//9AKA-u,Ba Ria +AC0- Vung Tau
+//0Awv/9AKA-B+//0Aw//9AIA- R+//0A4f/9ALv//QCK-A +AC0- V+//0Axf/9AKg-NG T+//0Aw//9AIA-U,Ba Ria +AC0- Vung Tau
+//0A7//9AL///QC9-B+//0A7//9AL///QC9- R+ADw-U+1ED//QA+-A +AC0- VUNG T+//0A7//9AL///QC9-U,Ba Ria +AC0- Vung Tau
+//0A7//9AL///QC9-B+//0A7//9AL///QC9- R+ADw-U+1ED//QA+-a +AC0- Vung T+//0A7//9AL///QC9-u,Ba Ria +AC0- Vung Tau
 B+ADw-U+1ED//QA+-C GIANG,Bac Giang
 B+//0A4f/9ALr//QCu-C GIANG,Bac Giang
B+ADw-U+1ED//QA+-C GIANG,Bac Giang
B+ADw-U+1ED//QA+-c Giang,Bac Giang
B+//0A4f/9ALr//QCv-c Giang,Bac Giang
B+//0A4f/9ALr//QCu-C GIANG,Bac Giang
+//0Awv/9AKA-B+//0A4f/9ALr//QCv-c Giang,Bac Giang
+//0Awv/9AKA-B+//0A4f/9ALr//QCu-C GIANG,Bac Giang
+//0A7//9AL///QC9-B+ADw-U+1ED//QA+-C GIANG,Bac Giang
+//0A7//9AL///QC9-B+ADw-U+1ED//QA+-c Giang,Bac Giang
 B+ADw-U+1ED//QA+-C K+ADw-U+1ED//QA+-N,Bac Kan
 B+//0A4f/9ALr//QCu-C K+//0A4f/9ALr//QCg-N,Bac Kan
B+ADw-U+1ED//QA+-C C+ADw-U+1ED//QA+-N,Bac Kan
B+ADw-U+1ED//QA+-c C+ADw-U+1ED//QA+-n,Bac Kan
B+ADw-U+1ED//QA+-C K+ADw-U+1ED//QA+-N,Bac Kan
B+ADw-U+1ED//QA+-c K+ADw-U+1ED//QA+-n,Bac Kan
Bac Can,Bac Kan
B+AQMDAQ-c Ka+AyM-n,Bac Kan
B+//0A4f/9ALr//QCv-c C+//0A4f/9ALr//QCh-n,Bac Kan
B+//0A4f/9ALr//QCv-c K+//0A4f/9ALr//QCh-n,Bac Kan
B+//0A4f/9ALr//QCu-C C+//0A4f/9ALr//QCg-N,Bac Kan
B+//0A4f/9ALr//QCu-C K+//0A4f/9ALr//QCg-N,Bac Kan
+//0Awv/9AKA-B+//0A4f/9ALr//QCv-c K+//0A4f/9ALr//QCh-n,Bac Kan
+//0Awv/9AKA-B+//0A4f/9ALr//QCu-C C+//0A4f/9ALr//QCg-N,Bac Kan
+//0A7//9AL///QC9-B+ADw-U+1ED//QA+-C C+ADw-U+1ED//QA+-N,Bac Kan
+//0A7//9AL///QC9-B+ADw-U+1ED//QA+-c K+ADw-U+1ED//QA+-n,Bac Kan
 B+ADw-U+1ED//QA+-C LI+//0A7//9AL///QC9-U,Bac Lieu
 B+//0A4f/9ALr//QCg-C LI+//0Aw//9AIo-U,Bac Lieu
B+ADw-U+1ED//QA+-C LI+//0A7//9AL///QC9-U,Bac Lieu
B+ADw-U+1ED//QA+-c Li+//0A7//9AL///QC9-u,Bac Lieu
Ba+AyM-c Li+AOo-u,Bac Lieu
B+//0A4f/9ALr//QCg-C LI+//0Aw//9AIo-U,Bac Lieu
B+//0A4f/9ALr//QCh-c Li+//0Aw//9AKo-u,Bac Lieu
+//0Awv/9AKA-B+//0A4f/9ALr//QCg-C LI+//0Aw//9AIo-U,Bac Lieu
+//0Awv/9AKA-B+//0A4f/9ALr//QCh-c Li+//0Aw//9AKo-u,Bac Lieu
+//0A7//9AL///QC9-B+ADw-U+1ED//QA+-C LI+//0A7//9AL///QC9-U,Bac Lieu
+//0A7//9AL///QC9-B+ADw-U+1ED//QA+-c Li+//0A7//9AL///QC9-u,Bac Lieu
 B+ADw-U+1ED//QA+-C NINH,Bac Ninh
 B+//0A4f/9ALr//QCu-C NINH,Bac Ninh
B+ADw-U+1ED//QA+-C NINH,Bac Ninh
B+ADw-U+1ED//QA+-c Ninh,Bac Ninh
B+AQMDAQ-c Ninh,Bac Ninh
B+//0A4f/9ALr//QCv-c Ninh,Bac Ninh
B+//0A4f/9ALr//QCu-C NINH,Bac Ninh
+//0Awv/9AKA-B+//0A4f/9ALr//QCv-c Ninh,Bac Ninh
+//0Awv/9AKA-B+//0A4f/9ALr//QCu-C NINH,Bac Ninh
+//0A7//9AL///QC9-B+ADw-U+1ED//QA+-C NINH,Bac Ninh
+//0A7//9AL///QC9-B+ADw-U+1ED//QA+-c Ninh,Bac Ninh
 B+ADw-U+1ED//QA+-N TRE,Ben Tre
 B+//0A4f/9ALr//QC+-N TRE,Ben Tre
B+ADw-U+1ED//QA+-N TRE,Ben Tre
B+ADw-U+1ED//QA+-n Tre,Ben Tre
B+AOoDAQ-n Tre,Ben Tre
B+//0A4f/9ALr//QC/-n Tre,Ben Tre
B+//0A4f/9ALr//QC+-N TRE,Ben Tre
+//0Awv/9AKA-B+//0A4f/9ALr//QC/-n Tre,Ben Tre
+//0Awv/9AKA-B+//0A4f/9ALr//QC+-N TRE,Ben Tre
+//0A7//9AL///QC9-B+ADw-U+1ED//QA+-N TRE,Ben Tre
+//0A7//9AL///QC9-B+ADw-U+1ED//QA+-n Tre,Ben Tre
 B+//0Aw//9AIw-NH +//0AxP/9AJD//QDh//0Au//9AIo-NH,Binh Dinh
 B+//0A7//9AL///QC9-NH +//0A7//9AL///QC9ADw-U+1ED//QA+-NH,Binh Dinh
B+AOw-nh +ARAeyw-nh,Binh Dinh
B+//0Aw//9AKw-nh +//0AxP/9AJD//QDh//0Au//9AIs-nh,Binh Dinh
B+//0Aw//9AIw-NH +//0AxP/9AJD//QDh//0Au//9AIo-NH,Binh Dinh
B+//0A7//9AL///QC9-NH +//0A7//9AL///QC9ADw-U+1ED//QA+-NH,Binh Dinh
B+//0A7//9AL///QC9-nh +//0A7//9AL///QC9ADw-U+1ED//QA+-nh,Binh Dinh
+//0Awv/9AKA-B+//0Aw//9AKw-nh +//0AxP/9AJD//QDh//0Au//9AIs-nh,Binh Dinh
+//0Awv/9AKA-B+//0Aw//9AIw-NH +//0AxP/9AJD//QDh//0Au//9AIo-NH,Binh Dinh
+//0A7//9AL///QC9-B+//0A7//9AL///QC9-NH +//0A7//9AL///QC9ADw-U+1ED//QA+-NH,Binh Dinh
+//0A7//9AL///QC9-B+//0A7//9AL///QC9-nh +//0A7//9AL///QC9ADw-U+1ED//QA+-nh,Binh Dinh
 B+//0Aw//9AIw-NH D+//0Axv/9AK///QDG//0AoA-NG,Binh Duong
 B+//0A7//9AL///QC9-NH DUONG,Binh Duong
B+AOw-nh D+AbABoQ-ng,Binh Duong
B+//0Aw//9AKw-nh D+//0Axv/9ALD//QDG//0AoQ-ng,Binh Duong
B+//0Aw//9AIw-NH D+//0Axv/9AK///QDG//0AoA-NG,Binh Duong
B+//0A7//9AL///QC9-NH DUONG,Binh Duong
B+//0A7//9AL///QC9-nh Duong,Binh Duong
+//0Awv/9AKA-B+//0Aw//9AKw-nh D+//0Axv/9ALD//QDG//0AoQ-ng,Binh Duong
+//0Awv/9AKA-B+//0Aw//9AIw-NH D+//0Axv/9AK///QDG//0AoA-NG,Binh Duong
+//0A7//9AL///QC9-B+//0A7//9AL///QC9-nh Duong,Binh Duong
+//0A7//9AL///QC9-B+//0A7//9AL///QC9-NH DUONG,Binh Duong
 B+//0Aw//9AIw-NH PH+//0Axv/9AK///QDh//0Au//9AJo-C,Binh Phuoc
 B+//0A7//9AL///QC9-NH PHU+ADw-U+1ED//QA+-C,Binh Phuoc
B+AOw-nh Ph+AbAe2w-c,Binh Phuoc
B+//0Aw//9AKw-nh Ph+//0Axv/9ALD//QDh//0Au//9AJs-c,Binh Phuoc
B+//0Aw//9AIw-NH PH+//0Axv/9AK///QDh//0Au//9AJo-C,Binh Phuoc
B+//0A7//9AL///QC9-NH PHU+ADw-U+1ED//QA+-C,Binh Phuoc
B+//0A7//9AL///QC9-nh Phu+ADw-U+1ED//QA+-c,Binh Phuoc
+//0Awv/9AKA-B+//0Aw//9AKw-nh Ph+//0Axv/9ALD//QDh//0Au//9AJs-c,Binh Phuoc
+//0Awv/9AKA-B+//0Aw//9AIw-NH PH+//0Axv/9AK///QDh//0Au//9AJo-C,Binh Phuoc
+//0A7//9AL///QC9-B+//0A7//9AL///QC9-NH PHU+ADw-U+1ED//QA+-C,Binh Phuoc
+//0A7//9AL///QC9-B+//0A7//9AL///QC9-nh Phu+ADw-U+1ED//QA+-c,Binh Phuoc
 B+//0Aw//9AIw-NH THU+//0A4f/9ALr//QCs-N,Binh Thuan
 B+//0A7//9AL///QC9-NH THU+ADw-U+1ED//QA+-N,Binh Thuan
B+AOw-nh Thu+Hq0-n,Binh Thuan
B+//0Aw//9AKw-nh Thu+//0A4f/9ALr//QCt-n,Binh Thuan
B+//0Aw//9AIw-NH THU+//0A4f/9ALr//QCs-N,Binh Thuan
B+//0A7//9AL///QC9-NH THU+ADw-U+1ED//QA+-N,Binh Thuan
B+//0A7//9AL///QC9-nh Thu+ADw-U+1ED//QA+-n,Binh Thuan
+//0Awv/9AKA-B+//0Aw//9AKw-nh Thu+//0A4f/9ALr//QCt-n,Binh Thuan
+//0Awv/9AKA-B+//0Aw//9AIw-NH THU+//0A4f/9ALr//QCs-N,Binh Thuan
+//0A7//9AL///QC9-B+//0A7//9AL///QC9-NH THU+ADw-U+1ED//QA+-N,Binh Thuan
+//0A7//9AL///QC9-B+//0A7//9AL///QC9-nh Thu+ADw-U+1ED//QA+-n,Binh Thuan
 C+//0Aw//9AIA- MAU,Ca Mau
 C+//0A7//9AL///QC9- MAU,Ca Mau
C+AOA- Mau,Ca Mau
C+//0Aw//9AKA- Mau,Ca Mau
C+//0Aw//9AIA- MAU,Ca Mau
C+//0A7//9AL///QC9- MAU,Ca Mau
C+//0A7//9AL///QC9- Mau,Ca Mau
+//0Awv/9AKA-C+//0Aw//9AKA- Mau,Ca Mau
+//0Awv/9AKA-C+//0Aw//9AIA- MAU,Ca Mau
+//0A7//9AL///QC9-C+//0A7//9AL///QC9- Mau,Ca Mau
+//0A7//9AL///QC9-C+//0A7//9AL///QC9- MAU,Ca Mau
 C+ADw-U+1ED//QA+-N THO,Can Tho
 C+//0A4f/9ALr//QCm-N TH+//0Axv/9AKA-,Can Tho
C+ADw-U+1ED//QA+-N THO,Can Tho
C+ADw-U+1ED//QA+-n Tho,Can Tho
C+Hqc-n Th+AaE-,Can Tho
C+//0A4f/9ALr//QCn-n Th+//0Axv/9AKE-,Can Tho
C+//0A4f/9ALr//QCm-N TH+//0Axv/9AKA-,Can Tho
TP Can Tho,Can Tho
+//0Awv/9AKA-C+//0A4f/9ALr//QCn-n Th+//0Axv/9AKE-,Can Tho
+//0Awv/9AKA-C+//0A4f/9ALr//QCm-N TH+//0Axv/9AKA-,Can Tho
+//0A7//9AL///QC9-C+ADw-U+1ED//QA+-N THO,Can Tho
+//0A7//9AL///QC9-C+ADw-U+1ED//QA+-n Tho,Can Tho
 CAO B+ADw-U+1ED//QA+-NG,Cao Bang
 CAO B+//0A4f/9ALr//QCw-NG,Cao Bang
CAO B+ADw-U+1ED//QA+-NG,Cao Bang
Cao B+ADw-U+1ED//QA+-ng,Cao Bang
Cao B+HrE-ng,Cao Bang
CAO B+//0A4f/9ALr//QCw-NG,Cao Bang
Cao B+//0A4f/9ALr//QCx-ng,Cao Bang
+//0Awv/9AKA-CAO B+//0A4f/9ALr//QCw-NG,Cao Bang
+//0Awv/9AKA-Cao B+//0A4f/9ALr//QCx-ng,Cao Bang
+//0A7//9AL///QC9-CAO B+ADw-U+1ED//QA+-NG,Cao Bang
+//0A7//9AL///QC9-Cao B+ADw-U+1ED//QA+-ng,Cao Bang
 +//0AxP/9AJD//QDD//0AgA- N+//0A4f/9ALr//QC0-NG,Da Nang
 +//0A7//9AL///QC9//0A7//9AL///QC9- N+ADw-U+1ED//QA+-NG,Da Nang
+ARAA4A- N+HrU-ng,Da Nang
TP Da Nang,Da Nang
+//0Awv/9AKD//QDE//0AkP/9AMP//QCg- N+//0A4f/9ALr//QC1-ng,Da Nang
+//0Awv/9AKD//QDE//0AkP/9AMP//QCA- N+//0A4f/9ALr//QC0-NG,Da Nang
+//0AxP/9AJD//QDD//0AoA- N+//0A4f/9ALr//QC1-ng,Da Nang
+//0AxP/9AJD//QDD//0AgA- N+//0A4f/9ALr//QC0-NG,Da Nang
+//0A7//9AL///QC9//0A7//9AL///QC9- N+ADw-U+1ED//QA+-NG,Da Nang
+//0A7//9AL///QC9//0A7//9AL///QC9- N+ADw-U+1ED//QA+-ng,Da Nang
+//0A7//9AL///QC9//0A7//9AL///QC9//0A7//9AL///QC9- N+ADw-U+1ED//QA+-NG,Da Nang
+//0A7//9AL///QC9//0A7//9AL///QC9//0A7//9AL///QC9- N+ADw-U+1ED//QA+-ng,Da Nang
 +//0AxP/9AJD//QDh//0Auv/9AK4-K L+//0A4f/9ALr//QCu-K,Dak Lak
 +//0A7//9AL///QC9ADw-U+1ED//QA+-K L+ADw-U+1ED//QA+-K,Dak Lak
Dac Lak,Dak Lak
+ARAerw-c L+Hq8-k,Dak Lak
+ARA-ak Lak,Dak Lak
+ARABAw-k L+AQM-k,Dak Lak
+//0Awv/9AKD//QDE//0AkP/9AMT//QCC-K L+//0AxP/9AII-K,Dak Lak
+//0Awv/9AKD//QDE//0AkP/9AOH//QC6//0Arw-k L+//0A4f/9ALr//QCv-k,Dak Lak
+//0AxP/9AJD//QDE//0Agg-K L+//0AxP/9AII-K,Dak Lak
+//0AxP/9AJD//QDh//0Auv/9AK8-k L+//0A4f/9ALr//QCv-k,Dak Lak
+//0AxP/9AJD//QDh//0Auv/9AK4-K L+//0A4f/9ALr//QCu-K,Dak Lak
+//0A7//9AL///QC9ADw-U+1ED//QA+-K L+ADw-U+1ED//QA+-K,Dak Lak
+//0A7//9AL///QC9ADw-U+1ED//QA+-k L+ADw-U+1ED//QA+-k,Dak Lak
+//0A7//9AL///QC9-AK LAK,Dak Lak
+//0A7//9AL///QC9//0A7//9AL///QC9ADw-U+1ED//QA+-k L+ADw-U+1ED//QA+-k,Dak Lak
+//0A7//9AL///QC9//0A7//9AL///QC9-AK LAK,Dak Lak
 +//0AxP/9AJD//QDh//0Auv/9AK4-K N+//0Aw//9AJQ-NG,Dak Nong
 +//0A7//9AL///QC9ADw-U+1ED//QA+-K N+//0A7//9AL///QC9-NG,Dak Nong
+ARA-ak N+APQ-ng,Dak Nong
+ARABAw-k N+APQ-ng,Dak Nong
+//0Awv/9AKD//QDE//0AkP/9AOH//QC6//0Arw-k N+//0Aw//9ALQ-ng,Dak Nong
+//0Awv/9AKD//QDE//0AkP/9AOH//QC6//0Arg-C N+//0Aw//9AJQ-NG,Dak Nong
+//0AxP/9AJD//QDh//0Auv/9AK8-k N+//0Aw//9ALQ-ng,Dak Nong
+//0AxP/9AJD//QDh//0Auv/9AK4-C N+//0Aw//9AJQ-NG,Dak Nong
+//0AxP/9AJD//QDh//0Auv/9AK4-K N+//0Aw//9AJQ-NG,Dak Nong
+//0A7//9AL///QC9ADw-U+1ED//QA+-C N+//0A7//9AL///QC9-NG,Dak Nong
+//0A7//9AL///QC9ADw-U+1ED//QA+-K N+//0A7//9AL///QC9-NG,Dak Nong
+//0A7//9AL///QC9ADw-U+1ED//QA+-k N+//0A7//9AL///QC9-ng,Dak Nong
+//0A7//9AL///QC9//0A7//9AL///QC9ADw-U+1ED//QA+-C N+//0A7//9AL///QC9-NG,Dak Nong
+//0A7//9AL///QC9//0A7//9AL///QC9ADw-U+1ED//QA+-k N+//0A7//9AL///QC9-ng,Dak Nong
+ARA-i+Hsc-n Bi+AOo-n,Dien Bien
+//0Awv/9AKD//QDE//0AkA-i+//0A4f/9ALv//QCH-n Bi+//0Aw//9AKo-n,Dien Bien
+//0Awv/9AKD//QDE//0AkA-I+//0A4f/9ALv//QCG-N BI+//0Aw//9AIo-N,Dien Bien
+//0AxP/9AJA-i+//0A4f/9ALv//QCH-n Bi+//0Aw//9AKo-n,Dien Bien
+//0AxP/9AJA-I+//0A4f/9ALv//QCG-N BI+//0Aw//9AIo-N,Dien Bien
+//0A7//9AL///QC9-I+ADw-U+1ED//QA+-N BI+//0A7//9AL///QC9-N,Dien Bien
+//0A7//9AL///QC9-i+ADw-U+1ED//QA+-n Bi+//0A7//9AL///QC9-n,Dien Bien
+//0A7//9AL///QC9//0A7//9AL///QC9-I+ADw-U+1ED//QA+-N BI+//0A7//9AL///QC9-N,Dien Bien
+//0A7//9AL///QC9//0A7//9AL///QC9-i+ADw-U+1ED//QA+-n Bi+//0A7//9AL///QC9-n,Dien Bien
 +//0AxP/9AJD//QDh//0Au//9AJI-NG NAI,Dong Nai
 +//0A7//9AL///QC9ADw-U+1ED//QA+-NG NAI,Dong Nai
+ARAe0w-ng Nai,Dong Nai
+//0Awv/9AKD//QDE//0AkP/9AOH//QC7//0Akw-ng Nai,Dong Nai
+//0Awv/9AKD//QDE//0AkP/9AOH//QC7//0Akg-NG NAI,Dong Nai
+//0AxP/9AJD//QDh//0Au//9AJM-ng Nai,Dong Nai
+//0AxP/9AJD//QDh//0Au//9AJI-NG NAI,Dong Nai
+//0A7//9AL///QC9ADw-U+1ED//QA+-NG NAI,Dong Nai
+//0A7//9AL///QC9ADw-U+1ED//QA+-ng Nai,Dong Nai
+//0A7//9AL///QC9//0A7//9AL///QC9ADw-U+1ED//QA+-NG NAI,Dong Nai
+//0A7//9AL///QC9//0A7//9AL///QC9ADw-U+1ED//QA+-ng Nai,Dong Nai
 +//0AxP/9AJD//QDh//0Au//9AJI-NG TH+//0Aw//9AIE-P,Dong Thap
 +//0A7//9AL///QC9ADw-U+1ED//QA+-NG TH+//0A7//9AL///QC9-P,Dong Thap
+ARAe0w-ng Th+AOE-p,Dong Thap
+//0Awv/9AKD//QDE//0AkP/9AOH//QC7//0Akw-ng Th+//0Aw//9AKE-p,Dong Thap
+//0Awv/9AKD//QDE//0AkP/9AOH//QC7//0Akg-NG TH+//0Aw//9AIE-P,Dong Thap
+//0AxP/9AJD//QDh//0Au//9AJM-ng Th+//0Aw//9AKE-p,Dong Thap
+//0AxP/9AJD//QDh//0Au//9AJI-NG TH+//0Aw//9AIE-P,Dong Thap
+//0A7//9AL///QC9ADw-U+1ED//QA+-NG TH+//0A7//9AL///QC9-P,Dong Thap
+//0A7//9AL///QC9ADw-U+1ED//QA+-ng Th+//0A7//9AL///QC9-p,Dong Thap
+//0A7//9AL///QC9//0A7//9AL///QC9ADw-U+1ED//QA+-NG TH+//0A7//9AL///QC9-P,Dong Thap
+//0A7//9AL///QC9//0A7//9AL///QC9ADw-U+1ED//QA+-ng Th+//0A7//9AL///QC9-p,Dong Thap
 GIA LAI,Gia Lai
GIA LAI,Gia Lai
Gia Lai,Gia Lai
Gia Lai,Gia Lai
GIA LAI,Gia Lai
+//0Awv/9AKA-Gia Lai,Gia Lai
+//0Awv/9AKA-GIA LAI,Gia Lai
+//0A7//9AL///QC9-Gia Lai,Gia Lai
+//0A7//9AL///QC9-GIA LAI,Gia Lai
H+//0Aw//9AKA- B+//0A4f/9ALr//QCv-c,Ha Bac
H+//0Aw//9AKA- B+//0A4f/9ALr//QCv-c (c+//0Axf/9AKk-),Ha Bac
 H+//0Aw//9AIA- GIANG,Ha Giang
 H+//0A7//9AL///QC9- GIANG,Ha Giang
H+AOA- Giang,Ha Giang
H+//0Aw//9AKA- Giang,Ha Giang
H+//0Aw//9AIA- GIANG,Ha Giang
H+//0A7//9AL///QC9- GIANG,Ha Giang
H+//0A7//9AL///QC9- Giang,Ha Giang
+//0Awv/9AKA-H+//0Aw//9AKA- Giang,Ha Giang
+//0Awv/9AKA-H+//0Aw//9AIA- GIANG,Ha Giang
+//0A7//9AL///QC9-H+//0A7//9AL///QC9- Giang,Ha Giang
+//0A7//9AL///QC9-H+//0A7//9AL///QC9- GIANG,Ha Giang
 H+//0Aw//9AIA- NAM,Ha Nam
 H+//0A7//9AL///QC9- NAM,Ha Nam
H NAM,Ha Nam
H+AOA- Nam,Ha Nam
H+//0Aw//9AKA- Nam,Ha Nam
H+//0Aw//9AIA- NAM,Ha Nam
H+//0Aw//9AID//QDC//0AoA-NAM,Ha Nam
H+//0A7//9AL///QC9- NAM,Ha Nam
H+//0A7//9AL///QC9- Nam,Ha Nam
+//0Awv/9AKA-H+//0Aw//9AKA- Nam,Ha Nam
+//0Awv/9AKA-H+//0Aw//9AIA- NAM,Ha Nam
+//0A7//9AL///QC9-H+//0A7//9AL///QC9- Nam,Ha Nam
+//0A7//9AL///QC9-H+//0A7//9AL///QC9- NAM,Ha Nam
 H+//0Aw//9AIA- N+//0A4f/9ALv//QCY-I,Ha Noi
 H+//0A7//9AL///QC9- N+ADw-U+1ED//QA+-I,Ha Noi
H+AOA- N+Htk-i,Ha Noi
H+//0Aw//9AKA- N+//0A4f/9ALv//QCZ-i,Ha Noi
H+//0Aw//9AIA- N+//0A4f/9ALv//QCY-I,Ha Noi
H+//0A7//9AL///QC9- N+ADw-U+1ED//QA+-I,Ha Noi
H+//0A7//9AL///QC9- N+ADw-U+1ED//QA+-i,Ha Noi
TP Ha Noi,Ha Noi
+//0Awv/9AKA-H+//0Aw//9AKA- N+//0A4f/9ALv//QCZ-i,Ha Noi
+//0Awv/9AKA-H+//0Aw//9AIA- N+//0A4f/9ALv//QCY-I,Ha Noi
+//0A7//9AL///QC9-H+//0A7//9AL///QC9- N+ADw-U+1ED//QA+-I,Ha Noi
+//0A7//9AL///QC9-H+//0A7//9AL///QC9- N+ADw-U+1ED//QA+-i,Ha Noi
H+//0Aw//9AKA- T+//0Aw//9AKI-y,Ha Tay
H+//0Aw//9AIA- T+//0Aw//9AII-Y,Ha Tay
H+//0A7//9AL///QC9- T+//0A7//9AL///QC9-Y,Ha Tay
+//0Awv/9AKA-H+//0Aw//9AKA- T+//0Aw//9AKI-y,Ha Tay
+//0A7//9AL///QC9-H+//0A7//9AL///QC9- T+//0A7//9AL///QC9-y,Ha Tay
 H+//0Aw//9AIA- T+//0AxP/9AKg-NH,Ha Tinh
 H+//0A7//9AL///QC9- TINH,Ha Tinh
H+AOA- T+ASk-nh,Ha Tinh
H+//0Aw//9AKA- T+//0AxP/9AKk-nh,Ha Tinh
H+//0Aw//9AIA- T+//0AxP/9AKg-NH,Ha Tinh
H+//0A7//9AL///QC9- TINH,Ha Tinh
H+//0A7//9AL///QC9- Tinh,Ha Tinh
+//0Awv/9AKA-H+//0Aw//9AKA- T+//0AxP/9AKk-nh,Ha Tinh
+//0Awv/9AKA-H+//0Aw//9AIA- T+//0AxP/9AKg-NH,Ha Tinh
+//0A7//9AL///QC9-H+//0A7//9AL///QC9- Tinh,Ha Tinh
+//0A7//9AL///QC9-H+//0A7//9AL///QC9- TINH,Ha Tinh
 H+ADw-U+1ED//QA+-I DUONG,Hai Duong
 H+//0A4f/9ALr//QCi-I D+//0Axv/9AK///QDG//0AoA-NG,Hai Duong
H+ADw-U+1ED//QA+-I DUONG,Hai Duong
H+ADw-U+1ED//QA+-i Duong,Hai Duong
H+HqM-i D+AbABoQ-ng,Hai Duong
H+//0A4f/9ALr//QCi-I D+//0Axv/9AK///QDG//0AoA-NG,Hai Duong
H+//0A4f/9ALr//QCj-i D+//0Axv/9ALD//QDG//0AoQ-ng,Hai Duong
+//0Awv/9AKA-H+//0A4f/9ALr//QCi-I D+//0Axv/9AK///QDG//0AoA-NG,Hai Duong
+//0Awv/9AKA-H+//0A4f/9ALr//QCj-i D+//0Axv/9ALD//QDG//0AoQ-ng,Hai Duong
+//0A7//9AL///QC9-H+ADw-U+1ED//QA+-I DUONG,Hai Duong
+//0A7//9AL///QC9-H+ADw-U+1ED//QA+-i Duong,Hai Duong
 H+ADw-U+1ED//QA+-I PH+//0A7//9AL///QC9-NG,Hai Phong
 H+//0A4f/9ALr//QCi-I PH+//0Aw//9AJI-NG,Hai Phong
H+ADw-U+1ED//QA+-I PH+//0A7//9AL///QC9-NG,Hai Phong
H+ADw-U+1ED//QA+-i Ph+//0A7//9AL///QC9-ng,Hai Phong
H+HqM-i Ph+API-ng,Hai Phong
H+//0A4f/9ALr//QCi-I PH+//0Aw//9AJI-NG,Hai Phong
H+//0A4f/9ALr//QCj-i Ph+//0Aw//9ALI-ng,Hai Phong
TP Hai Phong,Hai Phong
+//0Awv/9AKA-H+//0A4f/9ALr//QCi-I PH+//0Aw//9AJI-NG,Hai Phong
+//0Awv/9AKA-H+//0A4f/9ALr//QCj-i Ph+//0Aw//9ALI-ng,Hai Phong
+//0A7//9AL///QC9-H+ADw-U+1ED//QA+-I PH+//0A7//9AL///QC9-NG,Hai Phong
+//0A7//9AL///QC9-H+ADw-U+1ED//QA+-i Ph+//0A7//9AL///QC9-ng,Hai Phong
H+ADw-U+1ED//QA+-U GIANG,Hau Giang
H+ADw-U+1ED//QA+-u Giang,Hau Giang
H+Hq0-u Giang,Hau Giang
H+//0A4f/9ALr//QCs-U GIANG,Hau Giang
H+//0A4f/9ALr//QCt-u Giang,Hau Giang
+//0Awv/9AKA-H+//0A4f/9ALr//QCs-U GIANG,Hau Giang
+//0Awv/9AKA-H+//0A4f/9ALr//QCt-u Giang,Hau Giang
+//0A7//9AL///QC9-H+ADw-U+1ED//QA+-U GIANG,Hau Giang
+//0A7//9AL///QC9-H+ADw-U+1ED//QA+-u Giang,Hau Giang
H+ADw-U+1ED//QA+- CH+//0A7//9AL///QC9- MINH,Ho Chi Minh City
H+ADw-U+1ED//QA+- Ch+//0A7//9AL///QC9- Minh,Ho Chi Minh City
HCMC,Ho Chi Minh City
Ho Chi Minh,Ho Chi Minh City
H+//0A4f/9ALv//QCT- Ch+//0Aw//9AK0- Minh,Ho Chi Minh City
H+//0A4f/9ALv//QCS- CH+//0Aw//9AI0- MINH,Ho Chi Minh City
TP Ho Chi Minh,Ho Chi Minh City
TP. H+ADw-U+1ED//QA+- CH+//0A7//9AL///QC9- MINH,Ho Chi Minh City
Tp. H+ADw-U+1ED//QA+- Ch+//0A7//9AL///QC9- Minh,Ho Chi Minh City
Tp. H+//0A4f/9ALv//QCT- Ch+//0Aw//9AK0- Minh,Ho Chi Minh City
TP. H+//0A4f/9ALv//QCS- CH+//0Aw//9AI0- MINH,Ho Chi Minh City
TP. H+//0A4f/9ALv//QCT- Ch+//0Aw//9AK0- Minh,Ho Chi Minh City
TP.HCM,Ho Chi Minh City
Tp.HCM,Ho Chi Minh City
TP.H+HtM- Ch+AO0- Minh,Ho Chi Minh City
+//0Awv/9AKA-Tp. H+//0A4f/9ALv//QCT- Ch+//0Aw//9AK0- Minh,Ho Chi Minh City
+//0Awv/9AKA-TP. H+//0A4f/9ALv//QCS- CH+//0Aw//9AI0- MINH,Ho Chi Minh City
+//0A7//9AL///QC9-TP. H+ADw-U+1ED//QA+- CH+//0A7//9AL///QC9- MINH,Ho Chi Minh City
+//0A7//9AL///QC9-Tp. H+ADw-U+1ED//QA+- Ch+//0A7//9AL///QC9- Minh,Ho Chi Minh City
 H+//0Aw//9AJI-A B+//0Aw//9AIw-NH,Hoa Binh
 H+//0A7//9AL///QC9-A B+//0A7//9AL///QC9-NH,Hoa Binh
H+API-a B+AOw-nh,Hoa Binh
Ho+//0Aw//9AKA- B+//0Aw//9AKw-nh,Hoa Binh
H+//0Aw//9ALI-a B+//0Aw//9AKw-nh,Hoa Binh
H+//0Aw//9AJI-A B+//0Aw//9AIw-NH,Hoa Binh
H+//0A7//9AL///QC9-A B+//0A7//9AL///QC9-NH,Hoa Binh
H+//0A7//9AL///QC9-a B+//0A7//9AL///QC9-nh,Hoa Binh
+//0Awv/9AKA-H+//0Aw//9ALI-a B+//0Aw//9AKw-nh,Hoa Binh
+//0Awv/9AKA-H+//0Aw//9AJI-A B+//0Aw//9AIw-NH,Hoa Binh
+//0A7//9AL///QC9-H+//0A7//9AL///QC9-a B+//0A7//9AL///QC9-nh,Hoa Binh
+//0A7//9AL///QC9-H+//0A7//9AL///QC9-A B+//0A7//9AL///QC9-NH,Hoa Binh
 HUNG Y+//0A7//9AL///QC9-N,Hung Yen
 H+//0Axv/9AK8-NG Y+//0Aw//9AIo-N,Hung Yen
HUNG Y+//0A7//9AL///QC9-N,Hung Yen
Hung Y+//0A7//9AL///QC9-n,Hung Yen
H+//0Axv/9AK8-NG Y+//0Aw//9AIo-N,Hung Yen
H+//0Axv/9ALA-ng Y+//0Aw//9AKo-n,Hung Yen
+//0Awv/9AKA-H+//0Axv/9AK8-NG Y+//0Aw//9AIo-N,Hung Yen
+//0Awv/9AKA-H+//0Axv/9ALA-ng Y+//0Aw//9AKo-n,Hung Yen
+//0A7//9AL///QC9-Hung Y+//0A7//9AL///QC9-n,Hung Yen
+//0A7//9AL///QC9-HUNG Y+//0A7//9AL///QC9-N,Hung Yen
 KH+//0Aw//9AIE-NH H+//0Aw//9AJI-A,Khanh Hoa
 KH+//0A7//9AL///QC9-NH H+//0A7//9AL///QC9-A,Khanh Hoa
Kh+AOE-nh H+API-a,Khanh Hoa
Kh+//0Aw//9AKE-nh Ho+//0Aw//9AKA-,Khanh Hoa
Kh+//0Aw//9AKE-nh H+//0Aw//9ALI-a,Khanh Hoa
KH+//0Aw//9AIE-NH H+//0Aw//9AJI-A,Khanh Hoa
KH+//0A7//9AL///QC9-NH H+//0A7//9AL///QC9-A,Khanh Hoa
Kh+//0A7//9AL///QC9-nh H+//0A7//9AL///QC9-a,Khanh Hoa
+//0Awv/9AKA-Kh+//0Aw//9AKE-nh H+//0Aw//9ALI-a,Khanh Hoa
+//0Awv/9AKA-KH+//0Aw//9AIE-NH H+//0Aw//9AJI-A,Khanh Hoa
+//0A7//9AL///QC9-Kh+//0A7//9AL///QC9-nh H+//0A7//9AL///QC9-a,Khanh Hoa
+//0A7//9AL///QC9-KH+//0A7//9AL///QC9-NH H+//0A7//9AL///QC9-A,Khanh Hoa
 KI+//0Aw//9AIo-N GIANG,Kien Giang
 KI+//0A7//9AL///QC9-N GIANG,Kien Giang
Ki+//0Aw//9AKo-n Giang,Kien Giang
KI+//0Aw//9AIo-N GIANG,Kien Giang
KI+//0A7//9AL///QC9-N GIANG,Kien Giang
Ki+//0A7//9AL///QC9-n Giang,Kien Giang
+//0Awv/9AKA-Ki+//0Aw//9AKo-n Giang,Kien Giang
+//0Awv/9AKA-KI+//0Aw//9AIo-N GIANG,Kien Giang
+//0A7//9AL///QC9-Ki+//0A7//9AL///QC9-n Giang,Kien Giang
+//0A7//9AL///QC9-KI+//0A7//9AL///QC9-N GIANG,Kien Giang
 KON TUM,Kon Tum
KON TUM,Kon Tum
Kon Tum,Kon Tum
Kon Tum,Kon Tum
KON TUM,Kon Tum
+//0Awv/9AKA-Kon Tum,Kon Tum
+//0Awv/9AKA-KON TUM,Kon Tum
+//0A7//9AL///QC9-Kon Tum,Kon Tum
+//0A7//9AL///QC9-KON TUM,Kon Tum
 LAI CH+//0Aw//9AII-U,Lai Chau
 LAI CH+//0A7//9AL///QC9-U,Lai Chau
Lai Ch+//0Aw//9AKI-u,Lai Chau
LAI CH+//0Aw//9AII-U,Lai Chau
LAI CH+//0A7//9AL///QC9-U,Lai Chau
Lai Ch+//0A7//9AL///QC9-u,Lai Chau
+//0Awv/9AKA-Lai Ch+//0Aw//9AKI-u,Lai Chau
+//0Awv/9AKA-LAI CH+//0Aw//9AII-U,Lai Chau
+//0A7//9AL///QC9-Lai Ch+//0A7//9AL///QC9-u,Lai Chau
+//0A7//9AL///QC9-LAI CH+//0A7//9AL///QC9-U,Lai Chau
 L+//0Aw//9AII-M +//0AxP/9AJD//QDh//0Au//9AJI-NG,Lam Dong
 L+//0A7//9AL///QC9-M +//0A7//9AL///QC9ADw-U+1ED//QA+-NG,Lam Dong
L+AOI-m +ARAe0w-ng,Lam Dong
L+//0Aw//9AKI-m +//0AxP/9AJD//QDh//0Au//9AJM-ng,Lam Dong
L+//0Aw//9AII-M +//0AxP/9AJD//QDh//0Au//9AJI-NG,Lam Dong
L+//0A7//9AL///QC9-M +//0A7//9AL///QC9ADw-U+1ED//QA+-NG,Lam Dong
L+//0A7//9AL///QC9-m +//0A7//9AL///QC9ADw-U+1ED//QA+-ng,Lam Dong
+//0Awv/9AKA-L+//0Aw//9AKI-m +//0AxP/9AJD//QDh//0Au//9AJM-ng,Lam Dong
+//0Awv/9AKA-L+//0Aw//9AII-M +//0AxP/9AJD//QDh//0Au//9AJI-NG,Lam Dong
+//0A7//9AL///QC9-L+//0A7//9AL///QC9-M +//0A7//9AL///QC9ADw-U+1ED//QA+-NG,Lam Dong
+//0A7//9AL///QC9-L+//0A7//9AL///QC9-m +//0A7//9AL///QC9ADw-U+1ED//QA+-ng,Lam Dong
 L+ADw-U+1ED//QA+-NG SON,Lang Son
 L+//0A4f/9ALr//QCg-NG S+//0Axv/9AKA-N,Lang Son
L+ADw-U+1ED//QA+-NG SON,Lang Son
L+ADw-U+1ED//QA+-ng Son,Lang Son
L+HqE-ng S+AaE-n,Lang Son
L+//0A4f/9ALr//QCg-NG S+//0Axv/9AKA-N,Lang Son
L+//0A4f/9ALr//QCh-ng S+//0Axv/9AKE-n,Lang Son
+//0Awv/9AKA-L+//0A4f/9ALr//QCg-NG S+//0Axv/9AKA-N,Lang Son
+//0Awv/9AKA-L+//0A4f/9ALr//QCh-ng S+//0Axv/9AKE-n,Lang Son
+//0A7//9AL///QC9-L+ADw-U+1ED//QA+-NG SON,Lang Son
+//0A7//9AL///QC9-L+ADw-U+1ED//QA+-ng Son,Lang Son
 L+//0Aw//9AIA-O CAI,Lao Cai
 L+//0A7//9AL///QC9-O CAI,Lao Cai
LAO CAI,Lao Cai
Lao Cai,Lao Cai
LAO CAI,Lao Cai
L+AOA-o Cai,Lao Cai
L+//0Aw//9AKA-o Cai,Lao Cai
L+//0Aw//9AKA-O CAI,Lao Cai
L+//0Aw//9AIA-O CAI,Lao Cai
L+//0A7//9AL///QC9-O CAI,Lao Cai
L+//0A7//9AL///QC9-O CAI,Lao Cai
L+//0A7//9AL///QC9-o Cai,Lao Cai
+//0Awv/9AKA-LAO CAI,Lao Cai
+//0Awv/9AKA-L+//0Aw//9AKA-o Cai,Lao Cai
+//0A7//9AL///QC9-LAO CAI,Lao Cai
+//0A7//9AL///QC9-L+//0A7//9AL///QC9-o Cai,Lao Cai
 LONG AN,Long An
LONG AN,Long An
Long An,Long An
Long An,Long An
LONG AN,Long An
+//0Awv/9AKA-Long An,Long An
+//0Awv/9AKA-LONG AN,Long An
+//0A7//9AL///QC9-Long An,Long An
+//0A7//9AL///QC9-LONG AN,Long An
 NAM +//0AxP/9AJD//QDh//0Au//9AIo-NH,Nam Dinh
 NAM +//0A7//9AL///QC9ADw-U+1ED//QA+-NH,Nam Dinh
Nam +ARAeyw-nh,Nam Dinh
Nam +//0AxP/9AJD//QDh//0Au//9AIs-nh,Nam Dinh
NAM +//0AxP/9AJD//QDh//0Au//9AIo-NH,Nam Dinh
NAM +//0A7//9AL///QC9ADw-U+1ED//QA+-NH,Nam Dinh
Nam +//0A7//9AL///QC9ADw-U+1ED//QA+-nh,Nam Dinh
NAM+//0Awv/9AKD//QDE//0AkP/9AOH//QC7//0Aig-NH,Nam Dinh
NAM+//0A7//9AL///QC9//0A7//9AL///QC9ADw-U+1ED//QA+-NH,Nam Dinh
+//0Awv/9AKA-Nam +//0AxP/9AJD//QDh//0Au//9AIs-nh,Nam Dinh
+//0Awv/9AKA-NAM +//0AxP/9AJD//QDh//0Au//9AIo-NH,Nam Dinh
+//0A7//9AL///QC9-NAM +//0A7//9AL///QC9ADw-U+1ED//QA+-NH,Nam Dinh
+//0A7//9AL///QC9-Nam +//0A7//9AL///QC9ADw-U+1ED//QA+-nh,Nam Dinh
 NGH+ADw-U+1ED//QA+- AN,Nghe An
 NGH+//0A4f/9ALv//QCG- AN,Nghe An
NGH+ADw-U+1ED//QA+- AN,Nghe An
Ngh+ADw-U+1ED//QA+- An,Nghe An
Ngh+Hsc- An,Nghe An
Ngh+//0A4f/9ALv//QCH- An,Nghe An
NGH+//0A4f/9ALv//QCG- AN,Nghe An
+//0Awv/9AKA-Ngh+//0A4f/9ALv//QCH- An,Nghe An
+//0Awv/9AKA-NGH+//0A4f/9ALv//QCG- AN,Nghe An
+//0A7//9AL///QC9-NGH+ADw-U+1ED//QA+- AN,Nghe An
+//0A7//9AL///QC9-Ngh+ADw-U+1ED//QA+- An,Nghe An
 NINH B+//0Aw//9AIw-NH,Ninh Binh
 NINH B+//0A7//9AL///QC9-NH,Ninh Binh
Ninh B+AOw-nh,Ninh Binh
Ninh B+//0Aw//9AKw-nh,Ninh Binh
NINH B+//0Aw//9AIw-NH,Ninh Binh
NINH B+//0A7//9AL///QC9-NH,Ninh Binh
Ninh B+//0A7//9AL///QC9-nh,Ninh Binh
+//0Awv/9AKA-Ninh B+//0Aw//9AKw-nh,Ninh Binh
+//0Awv/9AKA-NINH B+//0Aw//9AIw-NH,Ninh Binh
+//0A7//9AL///QC9-Ninh B+//0A7//9AL///QC9-nh,Ninh Binh
+//0A7//9AL///QC9-NINH B+//0A7//9AL///QC9-NH,Ninh Binh
 NINH THU+ADw-U+1ED//QA+-N,Ninh Thuan
 NINH THU+//0A4f/9ALr//QCs-N,Ninh Thuan
NINH THU+ADw-U+1ED//QA+-N,Ninh Thuan
Ninh Thu+ADw-U+1ED//QA+-n,Ninh Thuan
Ninh Thu+Hq0-n,Ninh Thuan
NINH THU+//0A4f/9ALr//QCs-N,Ninh Thuan
Ninh Thu+//0A4f/9ALr//QCt-n,Ninh Thuan
+//0Awv/9AKA-NINH THU+//0A4f/9ALr//QCs-N,Ninh Thuan
+//0Awv/9AKA-Ninh Thu+//0A4f/9ALr//QCt-n,Ninh Thuan
+//0A7//9AL///QC9-NINH THU+ADw-U+1ED//QA+-N,Ninh Thuan
+//0A7//9AL///QC9-Ninh Thu+ADw-U+1ED//QA+-n,Ninh Thuan
 PH+//0Aw//9AJo- TH+//0A4f/9ALv//QCM-,Phu Tho
 PH+//0A7//9AL///QC9- TH+ADw-U+1ED//QA+-,Phu Tho
Ph+APo- Th+Hs0-,Phu Tho
PH+//0Aw//9AJo- TH+//0A4f/9ALv//QCM-,Phu Tho
Ph+//0Aw//9ALo- Th+//0A4f/9ALv//QCN-,Phu Tho
PH+//0A7//9AL///QC9- TH+ADw-U+1ED//QA+-,Phu Tho
Ph+//0A7//9AL///QC9- Th+ADw-U+1ED//QA+-,Phu Tho
+//0Awv/9AKA-PH+//0Aw//9AJo- TH+//0A4f/9ALv//QCM-,Phu Tho
+//0Awv/9AKA-Ph+//0Aw//9ALo- Th+//0A4f/9ALv//QCN-,Phu Tho
+//0A7//9AL///QC9-PH+//0A7//9AL///QC9- TH+ADw-U+1ED//QA+-,Phu Tho
+//0A7//9AL///QC9-Ph+//0A7//9AL///QC9- Th+ADw-U+1ED//QA+-,Phu Tho
 PH+//0Aw//9AJo- Y+//0Aw//9AIo-N,Phu Yen
 PH+//0A7//9AL///QC9- Y+//0A7//9AL///QC9-N,Phu Yen
Ph+APo- Y+AOo-n,Phu Yen
PH+//0Aw//9AJo- Y+//0Aw//9AIo-N,Phu Yen
Ph+//0Aw//9ALo- Y+//0Aw//9AKo-n,Phu Yen
PH+//0A7//9AL///QC9- Y+//0A7//9AL///QC9-N,Phu Yen
Ph+//0A7//9AL///QC9- Y+//0A7//9AL///QC9-n,Phu Yen
+//0Awv/9AKA-PH+//0Aw//9AJo- Y+//0Aw//9AIo-N,Phu Yen
+//0Awv/9AKA-Ph+//0Aw//9ALo- Y+//0Aw//9AKo-n,Phu Yen
+//0A7//9AL///QC9-Ph+//0A7//9AL///QC9- Y+//0A7//9AL///QC9-n,Phu Yen
+//0A7//9AL///QC9-PH+//0A7//9AL///QC9- Y+//0A7//9AL///QC9-N,Phu Yen
 QU+ADw-U+1ED//QA+-NG B+//0A7//9AL///QC9-NH,Quang Binh
 QU+//0A4f/9ALr//QCi-NG B+//0Aw//9AIw-NH,Quang Binh
QU+ADw-U+1ED//QA+-NG B+//0A7//9AL///QC9-NH,Quang Binh
Qu+ADw-U+1ED//QA+-ng B+//0A7//9AL///QC9-nh,Quang Binh
Qu+HqM-ng B+AOw-nh,Quang Binh
QU+//0A4f/9ALr//QCi-NG B+//0Aw//9AIw-NH,Quang Binh
Qu+//0A4f/9ALr//QCj-ng B+//0Aw//9AKw-nh,Quang Binh
+//0Awv/9AKA-QU+//0A4f/9ALr//QCi-NG B+//0Aw//9AIw-NH,Quang Binh
+//0Awv/9AKA-Qu+//0A4f/9ALr//QCj-ng B+//0Aw//9AKw-nh,Quang Binh
+//0A7//9AL///QC9-QU+ADw-U+1ED//QA+-NG B+//0A7//9AL///QC9-NH,Quang Binh
+//0A7//9AL///QC9-Qu+ADw-U+1ED//QA+-ng B+//0A7//9AL///QC9-nh,Quang Binh
 QU+ADw-U+1ED//QA+-NG NAM,Quang Nam
 QU+//0A4f/9ALr//QCi-NG NAM,Quang Nam
QU+ADw-U+1ED//QA+-NG NAM,Quang Nam
Qu+ADw-U+1ED//QA+-ng Nam,Quang Nam
QU+ADw-U+1ED//QA+-NG+//0A7//9AL///QC9-NAM,Quang Nam
Qu+HqM-ng Nam,Quang Nam
QU+//0A4f/9ALr//QCi-NG NAM,Quang Nam
QU+//0A4f/9ALr//QCi-NG+//0Awv/9AKA-NAM,Quang Nam
Qu+//0A4f/9ALr//QCj-ng Nam,Quang Nam
+//0Awv/9AKA-QU+//0A4f/9ALr//QCi-NG NAM,Quang Nam
+//0Awv/9AKA-Qu+//0A4f/9ALr//QCj-ng Nam,Quang Nam
+//0A7//9AL///QC9-QU+ADw-U+1ED//QA+-NG NAM,Quang Nam
+//0A7//9AL///QC9-Qu+ADw-U+1ED//QA+-ng Nam,Quang Nam
 QU+ADw-U+1ED//QA+-NG NG+//0A7//9AL///QC9-I,Quang Ngai
 QU+//0A4f/9ALr//QCi-NG NG+//0Aw//9AIM-I,Quang Ngai
QU+ADw-U+1ED//QA+-NG NG+//0A7//9AL///QC9-I,Quang Ngai
Qu+ADw-U+1ED//QA+-ng Ng+//0A7//9AL///QC9-i,Quang Ngai
Qu+HqM-ng Ng+AOM-i,Quang Ngai
Qu+HqM-ng Ng+AOM-i,Quang Ngai
QU+//0A4f/9ALr//QCi-NG NG+//0Aw//9AIM-I,Quang Ngai
Qu+//0A4f/9ALr//QCj-ng Ng+//0Aw//9AKM-i,Quang Ngai
+//0Awv/9AKA-QU+//0A4f/9ALr//QCi-NG NG+//0Aw//9AIM-I,Quang Ngai
+//0Awv/9AKA-Qu+//0A4f/9ALr//QCj-ng Ng+//0Aw//9AKM-i,Quang Ngai
+//0A7//9AL///QC9-QU+ADw-U+1ED//QA+-NG NG+//0A7//9AL///QC9-I,Quang Ngai
+//0A7//9AL///QC9-Qu+ADw-U+1ED//QA+-ng Ng+//0A7//9AL///QC9-i,Quang Ngai
 QU+ADw-U+1ED//QA+-NG NINH,Quang Ninh
 QU+//0A4f/9ALr//QCi-NG NINH,Quang Ninh
QU+ADw-U+1ED//QA+-NG NINH,Quang Ninh
Qu+ADw-U+1ED//QA+-ng Ninh,Quang Ninh
Qu+HqM-ng Ninh,Quang Ninh
QU+//0A4f/9ALr//QCi-NG NINH,Quang Ninh
Qu+//0A4f/9ALr//QCj-ng Ninh,Quang Ninh
+//0Awv/9AKA-QU+//0A4f/9ALr//QCi-NG NINH,Quang Ninh
+//0Awv/9AKA-Qu+//0A4f/9ALr//QCj-ng Ninh,Quang Ninh
+//0A7//9AL///QC9-QU+ADw-U+1ED//QA+-NG NINH,Quang Ninh
+//0A7//9AL///QC9-Qu+ADw-U+1ED//QA+-ng Ninh,Quang Ninh
 QU+ADw-U+1ED//QA+-NG TR+ADw-U+1ED//QA+-,Quang Tri
 QU+//0A4f/9ALr//QCi-NG TR+//0A4f/9ALv//QCK-,Quang Tri
QU+ADw-U+1ED//QA+-NG TR+ADw-U+1ED//QA+-,Quang Tri
Qu+ADw-U+1ED//QA+-ng Tr+ADw-U+1ED//QA+-,Quang Tri
Qu+HqM-ng Tr+Hss-,Quang Tri
QU+//0A4f/9ALr//QCi-NG TR+//0A4f/9ALv//QCK-,Quang Tri
Qu+//0A4f/9ALr//QCj-ng Tr+//0A4f/9ALv//QCL-,Quang Tri
+//0Awv/9AKA-QU+//0A4f/9ALr//QCi-NG TR+//0A4f/9ALv//QCK-,Quang Tri
+//0Awv/9AKA-Qu+//0A4f/9ALr//QCj-ng Tr+//0A4f/9ALv//QCL-,Quang Tri
+//0A7//9AL///QC9-QU+ADw-U+1ED//QA+-NG TR+ADw-U+1ED//QA+-,Quang Tri
+//0A7//9AL///QC9-Qu+ADw-U+1ED//QA+-ng Tr+ADw-U+1ED//QA+-,Quang Tri
 S+//0Aw//9ALM-c Tr+//0AxP/9AIM-ng,Soc Trang
 S+//0Aw//9AJM-C TR+//0AxP/9AII-NG,Soc Trang
 S+//0A7//9AL///QC9-C TRANG,Soc Trang
 S+//0A7//9AL///QC9-c Trang,Soc Trang
S+APM-c Tr+AQM-ng,Soc Trang
S+//0Aw//9ALM-c Tr+//0AxP/9AIM-ng,Soc Trang
+//0Awv/9AKA- S+//0Aw//9AJM-C TR+//0AxP/9AII-NG,Soc Trang
+//0Awv/9AKA-S+//0Aw//9AJM-C TR+//0AxP/9AII-NG,Soc Trang
+//0Awv/9AKD//QDC//0AoA-S+//0Aw//9ALM-c Tr+//0AxP/9AIM-ng,Soc Trang
+//0A7//9AL///QC9- S+//0A7//9AL///QC9-C TRANG,Soc Trang
+//0A7//9AL///QC9-S+//0A7//9AL///QC9-C TRANG,Soc Trang
+//0A7//9AL///QC9//0A7//9AL///QC9-S+//0A7//9AL///QC9-c Trang,Soc Trang
 SON LA,Son La
 S+//0Axv/9AKA-N LA,Son La
SON LA,Son La
Son La,Son La
S+//0Axv/9AKA-N LA,Son La
S+//0Axv/9AKE-n La,Son La
+//0Awv/9AKA-S+//0Axv/9AKA-N LA,Son La
+//0Awv/9AKA-S+//0Axv/9AKE-n La,Son La
+//0A7//9AL///QC9-Son La,Son La
+//0A7//9AL///QC9-SON LA,Son La
 T+//0Aw//9AII-Y NINH,Tay Ninh
 T+//0A7//9AL///QC9-Y NINH,Tay Ninh
T+//0Aw//9AKI-y Ninh,Tay Ninh
T+//0Aw//9AII-Y NINH,Tay Ninh
T+//0A7//9AL///QC9-Y NINH,Tay Ninh
T+//0A7//9AL///QC9-y Ninh,Tay Ninh
+//0Awv/9AKA-T+//0Aw//9AKI-y Ninh,Tay Ninh
+//0Awv/9AKA-T+//0Aw//9AII-Y NINH,Tay Ninh
+//0A7//9AL///QC9-T+//0A7//9AL///QC9-y Ninh,Tay Ninh
+//0A7//9AL///QC9-T+//0A7//9AL///QC9-Y NINH,Tay Ninh
 TH+//0Aw//9AIE-I B+//0Aw//9AIw-NH,Thai Binh
 TH+//0A7//9AL///QC9-I B+//0A7//9AL///QC9-NH,Thai Binh
Th+AOE-i B+AOw-nh,Thai Binh
Th+//0Aw//9AKE-i B+//0Aw//9AKw-nh,Thai Binh
TH+//0Aw//9AIE-I B+//0Aw//9AIw-NH,Thai Binh
TH+//0A7//9AL///QC9-I B+//0A7//9AL///QC9-NH,Thai Binh
Th+//0A7//9AL///QC9-i B+//0A7//9AL///QC9-nh,Thai Binh
+//0Awv/9AKA-Th+//0Aw//9AKE-i B+//0Aw//9AKw-nh,Thai Binh
+//0Awv/9AKA-TH+//0Aw//9AIE-I B+//0Aw//9AIw-NH,Thai Binh
+//0A7//9AL///QC9-Th+//0A7//9AL///QC9-i B+//0A7//9AL///QC9-nh,Thai Binh
+//0A7//9AL///QC9-TH+//0A7//9AL///QC9-I B+//0A7//9AL///QC9-NH,Thai Binh
 TH+//0Aw//9AIE-I NGUY+//0Aw//9AIo-N,Thai Nguyen
 TH+//0A7//9AL///QC9-I NGUY+//0A7//9AL///QC9-N,Thai Nguyen
Th+AOE-i Nguy+AOo-n,Thai Nguyen
Th+//0Aw//9AKE-i Nguy+//0Aw//9AKo-n,Thai Nguyen
TH+//0Aw//9AIE-I NGUY+//0Aw//9AIo-N,Thai Nguyen
TH+//0A7//9AL///QC9-I NGUY+//0A7//9AL///QC9-N,Thai Nguyen
Th+//0A7//9AL///QC9-i Nguy+//0A7//9AL///QC9-n,Thai Nguyen
+//0Awv/9AKA-Th+//0Aw//9AKE-i Nguy+//0Aw//9AKo-n,Thai Nguyen
+//0Awv/9AKA-TH+//0Aw//9AIE-I NGUY+//0Aw//9AIo-N,Thai Nguyen
+//0A7//9AL///QC9-Th+//0A7//9AL///QC9-i Nguy+//0A7//9AL///QC9-n,Thai Nguyen
+//0A7//9AL///QC9-TH+//0A7//9AL///QC9-I NGUY+//0A7//9AL///QC9-N,Thai Nguyen
 THANH H+//0Aw//9AJM-A,Thanh Hoa
 THANH H+//0A7//9AL///QC9-A,Thanh Hoa
Thanh H+APM-a,Thanh Hoa
Thanh Ho+//0Aw//9AKE-,Thanh Hoa
Thanh H+//0Aw//9ALM-a,Thanh Hoa
THANH H+//0Aw//9AJM-A,Thanh Hoa
THANH H+//0A7//9AL///QC9-A,Thanh Hoa
Thanh H+//0A7//9AL///QC9-a,Thanh Hoa
+//0Awv/9AKA-Thanh H+//0Aw//9ALM-a,Thanh Hoa
+//0Awv/9AKA-THANH H+//0Aw//9AJM-A,Thanh Hoa
+//0A7//9AL///QC9-Thanh H+//0A7//9AL///QC9-a,Thanh Hoa
+//0A7//9AL///QC9-THANH H+//0A7//9AL///QC9-A,Thanh Hoa
 TH+ADw-U+1EEAPg-A THI+//0A7//9AL///QC9-N +AC0- HU+ADw-U+1ED//QA+-,Thua Thien +AC0- Hue
 TH+//0A4f/9ALv//QCq-A THI+//0Aw//9AIo-N +AC0- HU+//0A4f/9ALr//QC+-,Thua Thien +AC0- Hue
TH+ADw-U+1EEAPg-A THI+//0A7//9AL///QC9-N +AC0- HU+ADw-U+1ED//QA+-,Thua Thien +AC0- Hue
Th+ADw-U+1EH//QA+-a Thi+//0A7//9AL///QC9-n +AC0- Hu+ADw-U+1ED//QA+-,Thua Thien +AC0- Hue
Thua Thien Hue,Thua Thien +AC0- Hue
Thua Thien +//0A4v/9AID//QCT- Hue,Thua Thien +AC0- Hue
Th+//0A4f/9ALv//QCr-a Thi+//0Aw//9AKo-n +AC0- Hu+//0A4f/9ALr//QC/-,Thua Thien +AC0- Hue
TH+//0A4f/9ALv//QCq-A THI+//0Aw//9AIo-N +AC0- HU+//0A4f/9ALr//QC+-,Thua Thien +AC0- Hue
TT+AC0- Hu+Hr8-,Thua Thien +AC0- Hue
TT+AC0-Hu+Hr8-,Thua Thien +AC0- Hue
TT.Hu+Hr8-,Thua Thien +AC0- Hue
+//0Awv/9AKA-Th+//0A4f/9ALv//QCr-a Thi+//0Aw//9AKo-n +AC0- Hu+//0A4f/9ALr//QC/-,Thua Thien +AC0- Hue
+//0Awv/9AKA-TH+//0A4f/9ALv//QCq-A THI+//0Aw//9AIo-N +AC0- HU+//0A4f/9ALr//QC+-,Thua Thien +AC0- Hue
+//0A7//9AL///QC9-TH+ADw-U+1EEAPg-A THI+//0A7//9AL///QC9-N +AC0- HU+ADw-U+1ED//QA+-,Thua Thien +AC0- Hue
+//0A7//9AL///QC9-Th+ADw-U+1EH//QA+-a Thi+//0A7//9AL///QC9-n +AC0- Hu+ADw-U+1ED//QA+-,Thua Thien +AC0- Hue
 TI+ADw-U+1ED//QA+-N GIANG,Tien Giang
 TI+//0A4f/9ALv//QCA-N GIANG,Tien Giang
TI+ADw-U+1ED//QA+-N GIANG,Tien Giang
Ti+ADw-U+1ED//QA+-n Giang,Tien Giang
Ti+HsE-n Giang,Tien Giang
Ti+//0A4f/9ALv//QCB-n Giang,Tien Giang
TI+//0A4f/9ALv//QCA-N GIANG,Tien Giang
+//0Awv/9AKA-Ti+//0A4f/9ALv//QCB-n Giang,Tien Giang
+//0Awv/9AKA-TI+//0A4f/9ALv//QCA-N GIANG,Tien Giang
+//0A7//9AL///QC9-TI+ADw-U+1ED//QA+-N GIANG,Tien Giang
+//0A7//9AL///QC9-Ti+ADw-U+1ED//QA+-n Giang,Tien Giang
 TR+//0Aw//9AIA- VINH,Tra Vinh
 TR+//0A7//9AL///QC9- VINH,Tra Vinh
Tr+AOA- Vinh,Tra Vinh
Tr+//0Aw//9AKA- Vinh,Tra Vinh
TR+//0Aw//9AIA- VINH,Tra Vinh
TR+//0A7//9AL///QC9- VINH,Tra Vinh
Tr+//0A7//9AL///QC9- Vinh,Tra Vinh
+//0Awv/9AKA-Tr+//0Aw//9AKA- Vinh,Tra Vinh
+//0Awv/9AKA-TR+//0Aw//9AIA- VINH,Tra Vinh
+//0A7//9AL///QC9-Tr+//0A7//9AL///QC9- Vinh,Tra Vinh
+//0A7//9AL///QC9-TR+//0A7//9AL///QC9- VINH,Tra Vinh
 TUY+//0Aw//9AIo-N QUANG,Tuyen Quang
 TUY+//0A7//9AL///QC9-N QUANG,Tuyen Quang
Tuy+//0Aw//9AKo-n Quang,Tuyen Quang
TUY+//0Aw//9AIo-N QUANG,Tuyen Quang
TUY+//0A7//9AL///QC9-N QUANG,Tuyen Quang
Tuy+//0A7//9AL///QC9-n Quang,Tuyen Quang
+//0Awv/9AKA-Tuy+//0Aw//9AKo-n Quang,Tuyen Quang
+//0Awv/9AKA-TUY+//0Aw//9AIo-N QUANG,Tuyen Quang
+//0A7//9AL///QC9-Tuy+//0A7//9AL///QC9-n Quang,Tuyen Quang
+//0A7//9AL///QC9-TUY+//0A7//9AL///QC9-N QUANG,Tuyen Quang
 VINH LONG,Vinh Long
 V+//0AxP/9AKg-NH LONG,Vinh Long
VINH LONG,Vinh Long
Vinh Long,Vinh Long
V+ASk-nh Long,Vinh Long
V+//0AxP/9AKg-NH LONG,Vinh Long
V+//0AxP/9AKk-nh Long,Vinh Long
+//0Awv/9AKA-V+//0AxP/9AKg-NH LONG,Vinh Long
+//0Awv/9AKA-V+//0AxP/9AKk-nh Long,Vinh Long
+//0A7//9AL///QC9-Vinh Long,Vinh Long
+//0A7//9AL///QC9-VINH LONG,Vinh Long
 VINH PH+//0A7//9AL///QC9-C,Vinh Phuc
 V+//0AxP/9AKg-NH PH+//0Aw//9AJo-C,Vinh Phuc
V+ASk-nh Ph+APo-c,Vinh Phuc
VINH PH+//0A7//9AL///QC9-C,Vinh Phuc
Vinh Ph+//0A7//9AL///QC9-c,Vinh Phuc
V+//0AxP/9AKg-NH PH+//0Aw//9AJo-C,Vinh Phuc
V+//0AxP/9AKk-nh Ph+//0Aw//9ALo-c,Vinh Phuc
+//0Awv/9AKA-V+//0AxP/9AKg-NH PH+//0Aw//9AJo-C,Vinh Phuc
+//0Awv/9AKA-V+//0AxP/9AKk-nh Ph+//0Aw//9ALo-c,Vinh Phuc
+//0A7//9AL///QC9-Vinh Ph+//0A7//9AL///QC9-c,Vinh Phuc
+//0A7//9AL///QC9-VINH PH+//0A7//9AL///QC9-C,Vinh Phuc
 Y+//0Aw//9AIo-N B+//0Aw//9AIE-I,Yen Bai
 Y+//0A7//9AL///QC9-N B+//0A7//9AL///QC9-I,Yen Bai
Y+AOo-n B+AOE-i,Yen Bai
Y+//0Aw//9AKo-n B+//0Aw//9AKE-i,Yen Bai
Y+//0Aw//9AIo-N B+//0Aw//9AIE-I,Yen Bai
Y+//0A7//9AL///QC9-N B+//0A7//9AL///QC9-I,Yen Bai
Y+//0A7//9AL///QC9-n B+//0A7//9AL///QC9-i,Yen Bai
+//0Awv/9AKA-Y+//0Aw//9AKo-n B+//0Aw//9AKE-i,Yen Bai
+//0Awv/9AKA-Y+//0Aw//9AIo-N B+//0Aw//9AIE-I,Yen Bai
+//0A7//9AL///QC9-Y+//0A7//9AL///QC9-n B+//0A7//9AL///QC9-i,Yen Bai
+//0A7//9AL///QC9-Y+//0A7//9AL///QC9-N B+//0A7//9AL///QC9-I,Yen Bai
